generation,label,total_cost,mean_error_m,no_coverage_rate,localizable_impacts,num_impacts
0,GA_best_gen,5.771998442392542,5.249822645413888,0.0,30,30
0,GA_best_global,5.771998442392542,5.249822645413888,0.0,30,30
1,GA_best_gen,5.835108805803591,5.276556772816421,0.0,30,30
1,GA_best_global,5.771998442392542,5.249822645413888,0.0,30,30
2,GA_best_gen,5.063578491043203,4.728756071409163,0.0,30,30
2,GA_best_global,5.063578491043203,4.728756071409163,0.0,30,30
3,GA_best_gen,4.871335942282785,4.540274266077129,0.0,30,30
3,GA_best_global,4.871335942282785,4.540274266077129,0.0,30,30
4,GA_best_gen,4.291968424298863,4.126469258737688,0.0,30,30
4,GA_best_global,4.291968424298863,4.126469258737688,0.0,30,30
5,GA_best_gen,4.480870125852489,4.277339276464761,0.0,30,30
5,GA_best_global,4.291968424298863,4.126469258737688,0.0,30,30
6,GA_best_gen,4.2403023390643675,4.086931283953133,0.0,30,30
6,GA_best_global,4.2403023390643675,4.086931283953133,0.0,30,30
7,GA_best_gen,4.408689378970368,4.235034369738491,0.0,30,30
7,GA_best_global,4.2403023390643675,4.086931283953133,0.0,30,30
8,GA_best_gen,4.642980096477426,4.412215014822343,0.0,30,30
8,GA_best_global,4.2403023390643675,4.086931283953133,0.0,30,30
9,GA_best_gen,4.458586906581299,4.266706626051317,0.0,30,30
9,GA_best_global,4.2403023390643675,4.086931283953133,0.0,30,30
10,GA_best_gen,4.267088339785662,4.0860563081212335,0.0,30,30
10,GA_best_global,4.2403023390643675,4.086931283953133,0.0,30,30
11,GA_best_gen,4.158776936381644,4.018658863268208,0.0,30,30
11,GA_best_global,4.158776936381644,4.018658863268208,0.0,30,30
12,GA_best_gen,4.2350788416929355,4.0828863287906385,0.0,30,30
12,GA_best_global,4.158776936381644,4.018658863268208,0.0,30,30
13,GA_best_gen,4.445601732642551,4.265553338893977,0.0,30,30
13,GA_best_global,4.158776936381644,4.018658863268208,0.0,30,30
14,GA_best_gen,4.379531026738006,4.197803528316408,0.0,30,30
14,GA_best_global,4.158776936381644,4.018658863268208,0.0,30,30
15,GA_best_gen,4.167158063722645,4.006366267407879,0.0,30,30
15,GA_best_global,4.158776936381644,4.018658863268208,0.0,30,30
16,GA_best_gen,4.3255585927646285,4.156782311801555,0.0,30,30
16,GA_best_global,4.158776936381644,4.018658863268208,0.0,30,30
17,GA_best_gen,4.386646856999463,4.192990200498686,0.0,30,30
17,GA_best_global,4.158776936381644,4.018658863268208,0.0,30,30
18,GA_best_gen,4.4474972497984915,4.236921006364207,0.0,30,30
18,GA_best_global,4.158776936381644,4.018658863268208,0.0,30,30
19,GA_best_gen,4.208614146028939,4.065243198347974,0.0,30,30
19,GA_best_global,4.158776936381644,4.018658863268208,0.0,30,30
20,GA_best_gen,4.202977898870749,4.062487182205564,0.0,30,30
20,GA_best_global,4.158776936381644,4.018658863268208,0.0,30,30
21,GA_best_gen,4.3668458051477,4.197959185328734,0.0,30,30
21,GA_best_global,4.158776936381644,4.018658863268208,0.0,30,30
22,GA_best_gen,4.262712196982108,4.121726843127375,0.0,30,30
22,GA_best_global,4.158776936381644,4.018658863268208,0.0,30,30
23,GA_best_gen,4.2573297339492875,4.106212005385838,0.0,30,30
23,GA_best_global,4.158776936381644,4.018658863268208,0.0,30,30
24,GA_best_gen,4.234021730683929,4.091281066771348,0.0,30,30
24,GA_best_global,4.158776936381644,4.018658863268208,0.0,30,30
25,GA_best_gen,4.29382619231842,4.118027588060532,0.0,30,30
25,GA_best_global,4.158776936381644,4.018658863268208,0.0,30,30
26,GA_best_gen,4.382650765034839,4.189751202961282,0.0,30,30
26,GA_best_global,4.158776936381644,4.018658863268208,0.0,30,30
27,GA_best_gen,4.112713316168145,3.979479259937385,0.0,30,30
27,GA_best_global,4.112713316168145,3.979479259937385,0.0,30,30
28,GA_best_gen,4.218878872908457,4.081677102141602,0.0,30,30
28,GA_best_global,4.112713316168145,3.979479259937385,0.0,30,30
29,GA_best_gen,4.161541366373851,4.006721994504489,0.0,30,30
29,GA_best_global,4.112713316168145,3.979479259937385,0.0,30,30
30,GA_best_gen,4.081610782085551,3.958744237215656,0.0,30,30
30,GA_best_global,4.081610782085551,3.958744237215656,0.0,30,30
31,GA_best_gen,4.081610782085551,3.958744237215656,0.0,30,30
31,GA_best_global,4.081610782085551,3.958744237215656,0.0,30,30
32,GA_best_gen,4.1908563091509645,4.040045111781089,0.0,30,30
32,GA_best_global,4.081610782085551,3.958744237215656,0.0,30,30
33,GA_best_gen,4.260851119900866,4.099920505756951,0.0,30,30
33,GA_best_global,4.081610782085551,3.958744237215656,0.0,30,30
34,GA_best_gen,4.1900064228531875,4.027131698419292,0.0,30,30
34,GA_best_global,4.081610782085551,3.958744237215656,0.0,30,30
35,GA_best_gen,4.200882239098207,4.058163057373614,0.0,30,30
35,GA_best_global,4.081610782085551,3.958744237215656,0.0,30,30
36,GA_best_gen,4.116133272917374,3.9824691965240517,0.0,30,30
36,GA_best_global,4.081610782085551,3.958744237215656,0.0,30,30
37,GA_best_gen,4.182007829064926,4.038529525003964,0.0,30,30
37,GA_best_global,4.081610782085551,3.958744237215656,0.0,30,30
38,GA_best_gen,4.319589453730221,4.146277329162958,0.0,30,30
38,GA_best_global,4.081610782085551,3.958744237215656,0.0,30,30
39,GA_best_gen,4.133062612849906,3.9930454577252252,0.0,30,30
39,GA_best_global,4.081610782085551,3.958744237215656,0.0,30,30
40,GA_best_gen,4.16489233536388,4.022735795923032,0.0,30,30
40,GA_best_global,4.081610782085551,3.958744237215656,0.0,30,30
41,GA_best_gen,4.140196409346771,3.9978013220564694,0.0,30,30
41,GA_best_global,4.081610782085551,3.958744237215656,0.0,30,30
42,GA_best_gen,4.195038960537715,4.046999517323936,0.0,30,30
42,GA_best_global,4.081610782085551,3.958744237215656,0.0,30,30
43,GA_best_gen,4.2215630803198705,4.043562177429161,0.0,30,30
43,GA_best_global,4.081610782085551,3.958744237215656,0.0,30,30
44,GA_best_gen,4.23387732599452,4.089976269195179,0.0,30,30
44,GA_best_global,4.081610782085551,3.958744237215656,0.0,30,30
45,GA_best_gen,4.105380035516541,3.9753003715901634,0.0,30,30
45,GA_best_global,4.081610782085551,3.958744237215656,0.0,30,30
46,GA_best_gen,4.2544297296351035,4.096788402715134,0.0,30,30
46,GA_best_global,4.081610782085551,3.958744237215656,0.0,30,30
47,GA_best_gen,4.2103373225073915,4.074275890386965,0.0,30,30
47,GA_best_global,4.081610782085551,3.958744237215656,0.0,30,30
48,GA_best_gen,4.213027226431785,4.055548757476367,0.0,30,30
48,GA_best_global,4.081610782085551,3.958744237215656,0.0,30,30
49,GA_best_gen,4.2041399505778765,4.056952234195706,0.0,30,30
49,GA_best_global,4.081610782085551,3.958744237215656,0.0,30,30
50,GA_best_gen,4.184623919740149,4.046164284610932,0.0,30,30
50,GA_best_global,4.081610782085551,3.958744237215656,0.0,30,30
51,GA_best_gen,4.338409212147756,4.1673155831989455,0.0,30,30
51,GA_best_global,4.081610782085551,3.958744237215656,0.0,30,30
52,GA_best_gen,4.214697330670126,4.061162305472456,0.0,30,30
52,GA_best_global,4.081610782085551,3.958744237215656,0.0,30,30
53,GA_best_gen,4.235312991741867,4.090093021170722,0.0,30,30
53,GA_best_global,4.081610782085551,3.958744237215656,0.0,30,30
54,GA_best_gen,4.14245069158479,4.012503294936859,0.0,30,30
54,GA_best_global,4.081610782085551,3.958744237215656,0.0,30,30
55,GA_best_gen,4.14245069158479,4.012503294936859,0.0,30,30
55,GA_best_global,4.081610782085551,3.958744237215656,0.0,30,30
56,GA_best_gen,4.1357561328030465,3.9902418042111334,0.0,30,30
56,GA_best_global,4.081610782085551,3.958744237215656,0.0,30,30
57,GA_best_gen,4.072524022076904,3.9607246899190174,0.0,30,30
57,GA_best_global,4.072524022076904,3.9607246899190174,0.0,30,30
58,GA_best_gen,4.153385871876395,4.015064820264709,0.0,30,30
58,GA_best_global,4.072524022076904,3.9607246899190174,0.0,30,30
59,GA_best_gen,4.06559682261487,3.9473452300604706,0.0,30,30
59,GA_best_global,4.06559682261487,3.9473452300604706,0.0,30,30
60,GA_best_gen,4.225604842411319,4.066884235147713,0.0,30,30
60,GA_best_global,4.06559682261487,3.9473452300604706,0.0,30,30
61,GA_best_gen,4.250203570791375,4.09613183752653,0.0,30,30
61,GA_best_global,4.06559682261487,3.9473452300604706,0.0,30,30
62,GA_best_gen,4.166611882966577,4.036539880700809,0.0,30,30
62,GA_best_global,4.06559682261487,3.9473452300604706,0.0,30,30
63,GA_best_gen,4.263817808369987,4.116246239926768,0.0,30,30
63,GA_best_global,4.06559682261487,3.9473452300604706,0.0,30,30
64,GA_best_gen,4.025415421934662,3.9127970718390226,0.0,30,30
64,GA_best_global,4.025415421934662,3.9127970718390226,0.0,30,30
65,GA_best_gen,4.139136423126902,4.012893515053658,0.0,30,30
65,GA_best_global,4.025415421934662,3.9127970718390226,0.0,30,30
66,GA_best_gen,3.994312887852069,3.8920620491172935,0.0,30,30
66,GA_best_global,3.994312887852069,3.8920620491172935,0.0,30,30
67,GA_best_gen,4.111415162176496,3.9884232680168474,0.0,30,30
67,GA_best_global,3.994312887852069,3.8920620491172935,0.0,30,30
68,GA_best_gen,4.126905655039767,3.988940819185133,0.0,30,30
68,GA_best_global,3.994312887852069,3.8920620491172935,0.0,30,30
69,GA_best_gen,4.088744578582418,3.9635001015469,0.0,30,30
69,GA_best_global,3.994312887852069,3.8920620491172935,0.0,30,30
70,GA_best_gen,4.081610782085551,3.958744237215656,0.0,30,30
70,GA_best_global,3.994312887852069,3.8920620491172935,0.0,30,30
71,GA_best_gen,4.1225406326181515,3.9814314707545373,0.0,30,30
71,GA_best_global,3.994312887852069,3.8920620491172935,0.0,30,30
72,GA_best_gen,3.994312887852069,3.8920620491172935,0.0,30,30
72,GA_best_global,3.994312887852069,3.8920620491172935,0.0,30,30
73,GA_best_gen,4.08503073883478,3.9617341738023226,0.0,30,30
73,GA_best_global,3.994312887852069,3.8920620491172935,0.0,30,30
74,GA_best_gen,4.135708074821816,4.007445593513337,0.0,30,30
74,GA_best_global,3.994312887852069,3.8920620491172935,0.0,30,30
75,GA_best_gen,3.998909167442762,3.8951262355110887,0.0,30,30
75,GA_best_global,3.994312887852069,3.8920620491172935,0.0,30,30
76,GA_best_gen,4.141724254788702,4.0067097048361004,0.0,30,30
76,GA_best_global,3.994312887852069,3.8920620491172935,0.0,30,30
77,GA_best_gen,4.16591073287851,4.0234147275994525,0.0,30,30
77,GA_best_global,3.994312887852069,3.8920620491172935,0.0,30,30
78,GA_best_gen,4.124705916483501,3.997283770888184,0.0,30,30
78,GA_best_global,3.994312887852069,3.8920620491172935,0.0,30,30
79,GA_best_gen,3.965135126463332,3.8595403515201254,0.0,30,30
79,GA_best_global,3.965135126463332,3.8595403515201254,0.0,30,30
80,GA_best_gen,4.116842056344392,3.9902700460973426,0.0,30,30
80,GA_best_global,3.965135126463332,3.8595403515201254,0.0,30,30
81,GA_best_gen,4.1303256117889955,3.9919307557718,0.0,30,30
81,GA_best_global,3.965135126463332,3.8595403515201254,0.0,30,30
82,GA_best_gen,4.112713316168145,3.979479259937385,0.0,30,30
82,GA_best_global,3.965135126463332,3.8595403515201254,0.0,30,30
83,GA_best_gen,4.047709788717173,3.935420540795339,0.0,30,30
83,GA_best_global,3.965135126463332,3.8595403515201254,0.0,30,30
84,GA_best_gen,4.133062612849906,3.9930454577252252,0.0,30,30
84,GA_best_global,3.965135126463332,3.8595403515201254,0.0,30,30
85,GA_best_gen,3.985644814881064,3.890129848024841,0.0,30,30
85,GA_best_global,3.965135126463332,3.8595403515201254,0.0,30,30
86,GA_best_gen,4.0325492184315275,3.917552936170266,0.0,30,30
86,GA_best_global,3.965135126463332,3.8595403515201254,0.0,30,30
87,GA_best_gen,4.072655364989626,3.9520509249769744,0.0,30,30
87,GA_best_global,3.965135126463332,3.8595403515201254,0.0,30,30
88,GA_best_gen,4.054843585214037,3.9401764051265817,0.0,30,30
88,GA_best_global,3.965135126463332,3.8595403515201254,0.0,30,30
89,GA_best_gen,4.0995306586798685,3.9751909667823955,0.0,30,30
89,GA_best_global,3.965135126463332,3.8595403515201254,0.0,30,30
90,GA_best_gen,4.0325492184315275,3.917552936170266,0.0,30,30
90,GA_best_global,3.965135126463332,3.8595403515201254,0.0,30,30
91,GA_best_gen,4.092164535331646,3.966490038133567,0.0,30,30
91,GA_best_global,3.965135126463332,3.8595403515201254,0.0,30,30
92,GA_best_gen,4.0709976390137985,3.9477547649547287,0.0,30,30
92,GA_best_global,3.965135126463332,3.8595403515201254,0.0,30,30
93,GA_best_gen,4.10516550505517,3.9762563553989003,0.0,30,30
93,GA_best_global,3.965135126463332,3.8595403515201254,0.0,30,30
94,GA_best_gen,4.03182278163544,3.9117593460695073,0.0,30,30
94,GA_best_global,3.965135126463332,3.8595403515201254,0.0,30,30
95,GA_best_gen,4.197013266961103,4.044149750321181,0.0,30,30
95,GA_best_global,3.965135126463332,3.8595403515201254,0.0,30,30
96,GA_best_gen,4.058390494352216,3.9309041541426035,0.0,30,30
96,GA_best_global,3.965135126463332,3.8595403515201254,0.0,30,30
97,GA_best_gen,4.090412518353427,3.9685878369994914,0.0,30,30
97,GA_best_global,3.965135126463332,3.8595403515201254,0.0,30,30
98,GA_best_gen,4.0325492184315275,3.917552936170266,0.0,30,30
98,GA_best_global,3.965135126463332,3.8595403515201254,0.0,30,30
99,GA_best_gen,4.03182278163544,3.9117593460695073,0.0,30,30
99,GA_best_global,3.965135126463332,3.8595403515201254,0.0,30,30
100,GA_best_gen,4.0999889710112924,3.9717063285866643,0.0,30,30
100,GA_best_global,3.965135126463332,3.8595403515201254,0.0,30,30
101,GA_best_gen,4.072942709114548,3.956812036123204,0.0,30,30
101,GA_best_global,3.965135126463332,3.8595403515201254,0.0,30,30
102,GA_best_gen,4.019258464124523,3.9086924332989295,0.0,30,30
102,GA_best_global,3.965135126463332,3.8595403515201254,0.0,30,30
103,GA_best_gen,4.016747348963658,3.91086487074657,0.0,30,30
103,GA_best_global,3.965135126463332,3.8595403515201254,0.0,30,30
104,GA_best_gen,4.08594611929663,3.960911427848311,0.0,30,30
104,GA_best_global,3.965135126463332,3.8595403515201254,0.0,30,30
105,GA_best_gen,4.072655364989626,3.9520509249769744,0.0,30,30
105,GA_best_global,3.965135126463332,3.8595403515201254,0.0,30,30
106,GA_best_gen,4.025415421934662,3.9127970718390226,0.0,30,30
106,GA_best_global,3.965135126463332,3.8595403515201254,0.0,30,30
107,GA_best_gen,4.0325492184315275,3.917552936170266,0.0,30,30
107,GA_best_global,3.965135126463332,3.8595403515201254,0.0,30,30
108,GA_best_gen,4.03182278163544,3.9117593460695073,0.0,30,30
108,GA_best_global,3.965135126463332,3.8595403515201254,0.0,30,30
109,GA_best_gen,4.067860722857091,3.935784640217275,0.0,30,30
109,GA_best_global,3.965135126463332,3.8595403515201254,0.0,30,30
110,GA_best_gen,4.058463026118005,3.9425893657292272,0.0,30,30
110,GA_best_global,3.965135126463332,3.8595403515201254,0.0,30,30
111,GA_best_gen,4.079789161486492,3.9568067893082186,0.0,30,30
111,GA_best_global,3.965135126463332,3.8595403515201254,0.0,30,30
112,GA_best_gen,4.025415421934662,3.9127970718390226,0.0,30,30
112,GA_best_global,3.965135126463332,3.8595403515201254,0.0,30,30
113,GA_best_gen,4.0325492184315275,3.917552936170266,0.0,30,30
113,GA_best_global,3.965135126463332,3.8595403515201254,0.0,30,30
114,GA_best_gen,4.025415421934662,3.9127970718390226,0.0,30,30
114,GA_best_global,3.965135126463332,3.8595403515201254,0.0,30,30
115,GA_best_gen,4.03182278163544,3.9117593460695073,0.0,30,30
115,GA_best_global,3.965135126463332,3.8595403515201254,0.0,30,30
116,GA_best_gen,4.03182278163544,3.9117593460695073,0.0,30,30
116,GA_best_global,3.965135126463332,3.8595403515201254,0.0,30,30
117,GA_best_gen,4.078812322799766,3.9561555635170675,0.0,30,30
117,GA_best_global,3.965135126463332,3.8595403515201254,0.0,30,30
118,GA_best_gen,4.08594611929663,3.960911427848311,0.0,30,30
118,GA_best_global,3.965135126463332,3.8595403515201254,0.0,30,30
119,GA_best_gen,4.030808344922557,3.9290001949363598,0.0,30,30
119,GA_best_global,3.965135126463332,3.8595403515201254,0.0,30,30
120,GA_best_gen,4.06559682261487,3.9473452300604706,0.0,30,30
120,GA_best_global,3.965135126463332,3.8595403515201254,0.0,30,30
121,GA_best_gen,4.078812322799766,3.9561555635170675,0.0,30,30
121,GA_best_global,3.965135126463332,3.8595403515201254,0.0,30,30
122,GA_best_gen,3.9722689229601977,3.8642962158513696,0.0,30,30
122,GA_best_global,3.965135126463332,3.8595403515201254,0.0,30,30
123,GA_best_gen,4.054970537602987,3.9279142175559367,0.0,30,30
123,GA_best_global,3.965135126463332,3.8595403515201254,0.0,30,30
124,GA_best_gen,4.08594611929663,3.960911427848311,0.0,30,30
124,GA_best_global,3.965135126463332,3.8595403515201254,0.0,30,30
125,GA_best_gen,4.025415421934662,3.9127970718390226,0.0,30,30
125,GA_best_global,3.965135126463332,3.8595403515201254,0.0,30,30
126,GA_best_gen,4.025415421934662,3.9127970718390226,0.0,30,30
126,GA_best_global,3.965135126463332,3.8595403515201254,0.0,30,30
127,GA_best_gen,4.03182278163544,3.9117593460695073,0.0,30,30
127,GA_best_global,3.965135126463332,3.8595403515201254,0.0,30,30
128,GA_best_gen,4.025415421934662,3.9127970718390226,0.0,30,30
128,GA_best_global,3.965135126463332,3.8595403515201254,0.0,30,30
129,GA_best_gen,4.0325492184315275,3.917552936170266,0.0,30,30
129,GA_best_global,3.965135126463332,3.8595403515201254,0.0,30,30
130,GA_best_gen,4.025415421934662,3.9127970718390226,0.0,30,30
130,GA_best_global,3.965135126463332,3.8595403515201254,0.0,30,30
131,GA_best_gen,4.0014466843489345,3.896817913448537,0.0,30,30
131,GA_best_global,3.965135126463332,3.8595403515201254,0.0,30,30
132,GA_best_gen,3.9712920842734714,3.8636449900602186,0.0,30,30
132,GA_best_global,3.965135126463332,3.8595403515201254,0.0,30,30
133,GA_best_gen,4.0014466843489345,3.896817913448537,0.0,30,30
133,GA_best_global,3.965135126463332,3.8595403515201254,0.0,30,30
134,GA_best_gen,4.0014466843489345,3.896817913448537,0.0,30,30
134,GA_best_global,3.965135126463332,3.8595403515201254,0.0,30,30
135,GA_best_gen,4.078812322799766,3.9561555635170675,0.0,30,30
135,GA_best_global,3.965135126463332,3.8595403515201254,0.0,30,30
136,GA_best_gen,4.0246889851385745,3.907003481738264,0.0,30,30
136,GA_best_global,3.965135126463332,3.8595403515201254,0.0,30,30
137,GA_best_gen,4.005066125252902,3.8992308740511823,0.0,30,30
137,GA_best_global,3.965135126463332,3.8595403515201254,0.0,30,30
138,GA_best_gen,3.940189550190878,3.84290996733849,0.0,30,30
138,GA_best_global,3.940189550190878,3.84290996733849,0.0,30,30
139,GA_best_gen,4.026392260621389,3.9134482976301737,0.0,30,30
139,GA_best_global,3.940189550190878,3.84290996733849,0.0,30,30
140,GA_best_gen,3.9784258807703363,3.868400854391462,0.0,30,30
140,GA_best_global,3.940189550190878,3.84290996733849,0.0,30,30
141,GA_best_gen,3.994312887852069,3.8920620491172935,0.0,30,30
141,GA_best_global,3.940189550190878,3.84290996733849,0.0,30,30
142,GA_best_gen,3.994312887852069,3.8920620491172935,0.0,30,30
142,GA_best_global,3.940189550190878,3.84290996733849,0.0,30,30
143,GA_best_gen,3.9784258807703363,3.868400854391462,0.0,30,30
143,GA_best_global,3.940189550190878,3.84290996733849,0.0,30,30
144,GA_best_gen,4.025415421934662,3.9127970718390226,0.0,30,30
144,GA_best_global,3.940189550190878,3.84290996733849,0.0,30,30
145,GA_best_gen,4.017724187650385,3.911516096537722,0.0,30,30
145,GA_best_global,3.940189550190878,3.84290996733849,0.0,30,30
146,GA_best_gen,4.03182278163544,3.9117593460695073,0.0,30,30
146,GA_best_global,3.940189550190878,3.84290996733849,0.0,30,30
147,GA_best_gen,3.965135126463332,3.8595403515201254,0.0,30,30
147,GA_best_global,3.940189550190878,3.84290996733849,0.0,30,30
148,GA_best_gen,4.0325492184315275,3.917552936170266,0.0,30,30
148,GA_best_global,3.940189550190878,3.84290996733849,0.0,30,30
149,GA_best_gen,4.000720247552846,3.891024323347778,0.0,30,30
149,GA_best_global,3.940189550190878,3.84290996733849,0.0,30,30
150,GA_best_gen,3.9712920842734714,3.8636449900602186,0.0,30,30
150,GA_best_global,3.940189550190878,3.84290996733849,0.0,30,30
151,GA_best_gen,3.9712920842734714,3.8636449900602186,0.0,30,30
151,GA_best_global,3.940189550190878,3.84290996733849,0.0,30,30
152,GA_best_gen,4.014463821991988,3.8924261485392297,0.0,30,30
152,GA_best_global,3.940189550190878,3.84290996733849,0.0,30,30
153,GA_best_gen,4.025415421934662,3.9127970718390226,0.0,30,30
153,GA_best_global,3.940189550190878,3.84290996733849,0.0,30,30
154,GA_best_gen,4.0014466843489345,3.896817913448537,0.0,30,30
154,GA_best_global,3.940189550190878,3.84290996733849,0.0,30,30
155,GA_best_gen,4.054843585214037,3.9401764051265817,0.0,30,30
155,GA_best_global,3.940189550190878,3.84290996733849,0.0,30,30
156,GA_best_gen,4.025665823825301,3.907654707529415,0.0,30,30
156,GA_best_global,3.940189550190878,3.84290996733849,0.0,30,30
157,GA_best_gen,4.016747348963658,3.91086487074657,0.0,30,30
157,GA_best_global,3.940189550190878,3.84290996733849,0.0,30,30
158,GA_best_gen,4.0246889851385745,3.907003481738264,0.0,30,30
158,GA_best_global,3.940189550190878,3.84290996733849,0.0,30,30
159,GA_best_gen,3.9929055637668798,3.8826235247854397,0.0,30,30
159,GA_best_global,3.940189550190878,3.84290996733849,0.0,30,30
160,GA_best_gen,3.9784258807703363,3.868400854391462,0.0,30,30
160,GA_best_global,3.940189550190878,3.84290996733849,0.0,30,30
161,GA_best_gen,4.018532027328435,3.902898843198171,0.0,30,30
161,GA_best_global,3.940189550190878,3.84290996733849,0.0,30,30
162,GA_best_gen,3.9784258807703363,3.868400854391462,0.0,30,30
162,GA_best_global,3.940189550190878,3.84290996733849,0.0,30,30
163,GA_best_gen,3.947323346687743,3.8476658316697327,0.0,30,30
163,GA_best_global,3.940189550190878,3.84290996733849,0.0,30,30
164,GA_best_gen,3.9712920842734714,3.8636449900602186,0.0,30,30
164,GA_best_global,3.940189550190878,3.84290996733849,0.0,30,30
165,GA_best_gen,3.9642266489650044,3.8666952576225504,0.0,30,30
165,GA_best_global,3.940189550190878,3.84290996733849,0.0,30,30
166,GA_best_gen,3.9712920842734714,3.8636449900602186,0.0,30,30
166,GA_best_global,3.940189550190878,3.84290996733849,0.0,30,30
167,GA_best_gen,3.921296314073287,3.826400433047003,0.0,30,30
167,GA_best_global,3.921296314073287,3.826400433047003,0.0,30,30
168,GA_best_gen,4.03182278163544,3.9117593460695073,0.0,30,30
168,GA_best_global,3.921296314073287,3.826400433047003,0.0,30,30
169,GA_best_gen,3.9784258807703363,3.868400854391462,0.0,30,30
169,GA_best_global,3.921296314073287,3.826400433047003,0.0,30,30
170,GA_best_gen,3.9163609069342296,3.8231101616209653,0.0,30,30
170,GA_best_global,3.9163609069342296,3.8231101616209653,0.0,30,30
171,GA_best_gen,3.9784258807703363,3.868400854391462,0.0,30,30
171,GA_best_global,3.9163609069342296,3.8231101616209653,0.0,30,30
172,GA_best_gen,3.9163609069342296,3.8231101616209653,0.0,30,30
172,GA_best_global,3.9163609069342296,3.8231101616209653,0.0,30,30
173,GA_best_gen,3.9697578077993327,3.8664686532990102,0.0,30,30
173,GA_best_global,3.9163609069342296,3.8231101616209653,0.0,30,30
174,GA_best_gen,3.9592478220310148,3.8595903070130047,0.0,30,30
174,GA_best_global,3.9163609069342296,3.8231101616209653,0.0,30,30
175,GA_best_gen,3.947323346687743,3.8476658316697327,0.0,30,30
175,GA_best_global,3.9163609069342296,3.8231101616209653,0.0,30,30
176,GA_best_gen,3.9784258807703363,3.868400854391462,0.0,30,30
176,GA_best_global,3.9163609069342296,3.8231101616209653,0.0,30,30
177,GA_best_gen,3.9697578077993327,3.8664686532990102,0.0,30,30
177,GA_best_global,3.9163609069342296,3.8231101616209653,0.0,30,30
178,GA_best_gen,3.9092271104373637,3.818354297289721,0.0,30,30
178,GA_best_global,3.9092271104373637,3.818354297289721,0.0,30,30
179,GA_best_gen,3.938655273716739,3.845733630577281,0.0,30,30
179,GA_best_global,3.9092271104373637,3.818354297289721,0.0,30,30
180,GA_best_gen,3.9784258807703363,3.868400854391462,0.0,30,30
180,GA_best_global,3.9092271104373637,3.818354297289721,0.0,30,30
181,GA_best_gen,3.885258372851636,3.802375138899236,0.0,30,30
181,GA_best_global,3.885258372851636,3.802375138899236,0.0,30,30
182,GA_best_gen,3.9163609069342296,3.8231101616209653,0.0,30,30
182,GA_best_global,3.885258372851636,3.802375138899236,0.0,30,30
183,GA_best_gen,3.9712920842734714,3.8636449900602186,0.0,30,30
183,GA_best_global,3.885258372851636,3.802375138899236,0.0,30,30
184,GA_best_gen,3.9163609069342296,3.8231101616209653,0.0,30,30
184,GA_best_global,3.885258372851636,3.802375138899236,0.0,30,30
185,GA_best_gen,3.9626240113024664,3.861712788967766,0.0,30,30
185,GA_best_global,3.885258372851636,3.802375138899236,0.0,30,30
186,GA_best_gen,3.9163609069342296,3.8231101616209653,0.0,30,30
186,GA_best_global,3.885258372851636,3.802375138899236,0.0,30,30
187,GA_best_gen,3.947323346687743,3.8476658316697327,0.0,30,30
187,GA_best_global,3.885258372851636,3.802375138899236,0.0,30,30
188,GA_best_gen,3.9697578077993327,3.8664686532990102,0.0,30,30
188,GA_best_global,3.885258372851636,3.802375138899236,0.0,30,30
189,GA_best_gen,3.9712920842734714,3.8636449900602186,0.0,30,30
189,GA_best_global,3.885258372851636,3.802375138899236,0.0,30,30
190,GA_best_gen,3.947323346687743,3.8476658316697327,0.0,30,30
190,GA_best_global,3.885258372851636,3.802375138899236,0.0,30,30
191,GA_best_gen,3.9092271104373637,3.818354297289721,0.0,30,30
191,GA_best_global,3.885258372851636,3.802375138899236,0.0,30,30
192,GA_best_gen,3.9163609069342296,3.8231101616209653,0.0,30,30
192,GA_best_global,3.885258372851636,3.802375138899236,0.0,30,30
193,GA_best_gen,3.958076584088576,3.8548346566036216,0.0,30,30
193,GA_best_global,3.885258372851636,3.802375138899236,0.0,30,30
194,GA_best_gen,3.9401914086735244,3.8555190474323284,0.0,30,30
194,GA_best_global,3.885258372851636,3.802375138899236,0.0,30,30
195,GA_best_gen,3.9784258807703363,3.868400854391462,0.0,30,30
195,GA_best_global,3.885258372851636,3.802375138899236,0.0,30,30
196,GA_best_gen,3.9021616751288963,3.8214045648520525,0.0,30,30
196,GA_best_global,3.885258372851636,3.802375138899236,0.0,30,30
197,GA_best_gen,3.9347984856856284,3.83931592433499,0.0,30,30
197,GA_best_global,3.885258372851636,3.802375138899236,0.0,30,30
198,GA_best_gen,3.9784258807703363,3.868400854391462,0.0,30,30
198,GA_best_global,3.885258372851636,3.802375138899236,0.0,30,30
199,GA_best_gen,3.947323346687743,3.8476658316697327,0.0,30,30
199,GA_best_global,3.885258372851636,3.802375138899236,0.0,30,30
200,GA_best_gen,3.940189550190878,3.84290996733849,0.0,30,30
200,GA_best_global,3.885258372851636,3.802375138899236,0.0,30,30
201,GA_best_gen,3.9702812744067444,3.8773501092859104,0.0,30,30
201,GA_best_global,3.885258372851636,3.802375138899236,0.0,30,30
202,GA_best_gen,3.948927819642463,3.848735480306213,0.0,30,30
202,GA_best_global,3.885258372851636,3.802375138899236,0.0,30,30
203,GA_best_gen,3.95239884815588,3.847135455768732,0.0,30,30
203,GA_best_global,3.885258372851636,3.802375138899236,0.0,30,30
204,GA_best_gen,3.9163609069342296,3.8231101616209653,0.0,30,30
204,GA_best_global,3.885258372851636,3.802375138899236,0.0,30,30
205,GA_best_gen,3.9419322821824947,3.844071788666234,0.0,30,30
205,GA_best_global,3.885258372851636,3.802375138899236,0.0,30,30
206,GA_best_gen,3.947323346687743,3.8476658316697327,0.0,30,30
206,GA_best_global,3.885258372851636,3.802375138899236,0.0,30,30
207,GA_best_gen,3.9163609069342296,3.8231101616209653,0.0,30,30
207,GA_best_global,3.885258372851636,3.802375138899236,0.0,30,30
208,GA_best_gen,3.9347984856856284,3.83931592433499,0.0,30,30
208,GA_best_global,3.885258372851636,3.802375138899236,0.0,30,30
209,GA_best_gen,3.940189550190878,3.84290996733849,0.0,30,30
209,GA_best_global,3.885258372851636,3.802375138899236,0.0,30,30
210,GA_best_gen,3.947323346687743,3.8476658316697327,0.0,30,30
210,GA_best_global,3.885258372851636,3.802375138899236,0.0,30,30
211,GA_best_gen,3.9163609069342296,3.8231101616209653,0.0,30,30
211,GA_best_global,3.885258372851636,3.802375138899236,0.0,30,30
212,GA_best_gen,3.9163609069342296,3.8231101616209653,0.0,30,30
212,GA_best_global,3.885258372851636,3.802375138899236,0.0,30,30
213,GA_best_gen,3.947323346687743,3.8476658316697327,0.0,30,30
213,GA_best_global,3.885258372851636,3.802375138899236,0.0,30,30
214,GA_best_gen,3.885258372851636,3.802375138899236,0.0,30,30
214,GA_best_global,3.885258372851636,3.802375138899236,0.0,30,30
215,GA_best_gen,3.910829748099901,3.823336765944505,0.0,30,30
215,GA_best_global,3.885258372851636,3.802375138899236,0.0,30,30
216,GA_best_gen,3.9163609069342296,3.8231101616209653,0.0,30,30
216,GA_best_global,3.885258372851636,3.802375138899236,0.0,30,30
217,GA_best_gen,3.947323346687743,3.8476658316697327,0.0,30,30
217,GA_best_global,3.885258372851636,3.802375138899236,0.0,30,30
218,GA_best_gen,3.9784258807703363,3.868400854391462,0.0,30,30
218,GA_best_global,3.885258372851636,3.802375138899236,0.0,30,30
219,GA_best_gen,3.9419322821824947,3.844071788666234,0.0,30,30
219,GA_best_global,3.885258372851636,3.802375138899236,0.0,30,30
220,GA_best_gen,3.91782528555987,3.8280004575844844,0.0,30,30
220,GA_best_global,3.885258372851636,3.802375138899236,0.0,30,30
221,GA_best_gen,3.885258372851636,3.802375138899236,0.0,30,30
221,GA_best_global,3.885258372851636,3.802375138899236,0.0,30,30
222,GA_best_gen,3.885258372851636,3.802375138899236,0.0,30,30
222,GA_best_global,3.885258372851636,3.802375138899236,0.0,30,30
223,GA_best_gen,3.947323346687743,3.8476658316697327,0.0,30,30
223,GA_best_global,3.885258372851636,3.802375138899236,0.0,30,30
224,GA_best_gen,3.9642266489650044,3.8666952576225504,0.0,30,30
224,GA_best_global,3.885258372851636,3.802375138899236,0.0,30,30
225,GA_best_gen,3.935775324372355,3.839967150126141,0.0,30,30
225,GA_best_global,3.885258372851636,3.802375138899236,0.0,30,30
226,GA_best_gen,3.910829748099901,3.823336765944505,0.0,30,30
226,GA_best_global,3.885258372851636,3.802375138899236,0.0,30,30
227,GA_best_gen,3.947323346687743,3.8476658316697327,0.0,30,30
227,GA_best_global,3.885258372851636,3.802375138899236,0.0,30,30
228,GA_best_gen,3.9505797490600107,3.8576581059205526,0.0,30,30
228,GA_best_global,3.885258372851636,3.802375138899236,0.0,30,30
229,GA_best_gen,3.954793093405032,3.848731619268167,0.0,30,30
229,GA_best_global,3.885258372851636,3.802375138899236,0.0,30,30
230,GA_best_gen,3.940189550190878,3.84290996733849,0.0,30,30
230,GA_best_global,3.885258372851636,3.802375138899236,0.0,30,30
231,GA_best_gen,3.9092271104373637,3.818354297289721,0.0,30,30
231,GA_best_global,3.885258372851636,3.802375138899236,0.0,30,30
232,GA_best_gen,3.885258372851636,3.802375138899236,0.0,30,30
232,GA_best_global,3.885258372851636,3.802375138899236,0.0,30,30
233,GA_best_gen,3.885258372851636,3.802375138899236,0.0,30,30
233,GA_best_global,3.885258372851636,3.802375138899236,0.0,30,30
234,GA_best_gen,3.938655273716739,3.845733630577281,0.0,30,30
234,GA_best_global,3.885258372851636,3.802375138899236,0.0,30,30
235,GA_best_gen,3.940189550190878,3.84290996733849,0.0,30,30
235,GA_best_global,3.885258372851636,3.802375138899236,0.0,30,30
236,GA_best_gen,3.938655273716739,3.845733630577281,0.0,30,30
236,GA_best_global,3.885258372851636,3.802375138899236,0.0,30,30
237,GA_best_gen,3.938655273716739,3.845733630577281,0.0,30,30
237,GA_best_global,3.885258372851636,3.802375138899236,0.0,30,30
238,GA_best_gen,3.9021616751288963,3.8214045648520525,0.0,30,30
238,GA_best_global,3.885258372851636,3.802375138899236,0.0,30,30
239,GA_best_gen,3.938655273716739,3.845733630577281,0.0,30,30
239,GA_best_global,3.885258372851636,3.802375138899236,0.0,30,30
240,GA_best_gen,3.938655273716739,3.845733630577281,0.0,30,30
240,GA_best_global,3.885258372851636,3.802375138899236,0.0,30,30
241,GA_best_gen,3.940189550190878,3.84290996733849,0.0,30,30
241,GA_best_global,3.885258372851636,3.802375138899236,0.0,30,30
242,GA_best_gen,3.9712920842734714,3.8636449900602186,0.0,30,30
242,GA_best_global,3.885258372851636,3.802375138899236,0.0,30,30
243,GA_best_gen,3.8971828481949076,3.8142996142425076,0.0,30,30
243,GA_best_global,3.885258372851636,3.802375138899236,0.0,30,30
244,GA_best_gen,3.940189550190878,3.84290996733849,0.0,30,30
244,GA_best_global,3.885258372851636,3.802375138899236,0.0,30,30
245,GA_best_gen,3.940189550190878,3.84290996733849,0.0,30,30
245,GA_best_global,3.885258372851636,3.802375138899236,0.0,30,30
246,GA_best_gen,3.87812457635477,3.797619274567992,0.0,30,30
246,GA_best_global,3.87812457635477,3.797619274567992,0.0,30,30
247,GA_best_gen,3.93326420921149,3.8421395875737816,0.0,30,30
247,GA_best_global,3.87812457635477,3.797619274567992,0.0,30,30
248,GA_best_gen,3.885258372851636,3.802375138899236,0.0,30,30
248,GA_best_global,3.87812457635477,3.797619274567992,0.0,30,30
249,GA_best_gen,3.9092271104373637,3.818354297289721,0.0,30,30
249,GA_best_global,3.87812457635477,3.797619274567992,0.0,30,30
250,GA_best_gen,3.8798673083463866,3.798781095895736,0.0,30,30
250,GA_best_global,3.87812457635477,3.797619274567992,0.0,30,30
251,GA_best_gen,3.885258372851636,3.802375138899236,0.0,30,30
251,GA_best_global,3.87812457635477,3.797619274567992,0.0,30,30
252,GA_best_gen,3.909157212588866,3.8260682564920327,0.0,30,30
252,GA_best_global,3.87812457635477,3.797619274567992,0.0,30,30
253,GA_best_gen,3.938655273716739,3.845733630577281,0.0,30,30
253,GA_best_global,3.87812457635477,3.797619274567992,0.0,30,30
254,GA_best_gen,3.940189550190878,3.84290996733849,0.0,30,30
254,GA_best_global,3.87812457635477,3.797619274567992,0.0,30,30
255,GA_best_gen,3.940189550190878,3.84290996733849,0.0,30,30
255,GA_best_global,3.87812457635477,3.797619274567992,0.0,30,30
256,GA_best_gen,3.8649090761698757,3.788808941111396,0.0,30,30
256,GA_best_global,3.8649090761698757,3.788808941111396,0.0,30,30
257,GA_best_gen,3.87812457635477,3.797619274567992,0.0,30,30
257,GA_best_global,3.8649090761698757,3.788808941111396,0.0,30,30
258,GA_best_gen,3.910829748099901,3.823336765944505,0.0,30,30
258,GA_best_global,3.8649090761698757,3.788808941111396,0.0,30,30
259,GA_best_gen,3.87812457635477,3.797619274567992,0.0,30,30
259,GA_best_global,3.8649090761698757,3.788808941111396,0.0,30,30
260,GA_best_gen,3.931521477219873,3.840977766246037,0.0,30,30
260,GA_best_global,3.8649090761698757,3.788808941111396,0.0,30,30
261,GA_best_gen,3.885258372851636,3.802375138899236,0.0,30,30
261,GA_best_global,3.8649090761698757,3.788808941111396,0.0,30,30
262,GA_best_gen,3.931521477219873,3.840977766246037,0.0,30,30
262,GA_best_global,3.8649090761698757,3.788808941111396,0.0,30,30
263,GA_best_gen,3.910829748099901,3.823336765944505,0.0,30,30
263,GA_best_global,3.8649090761698757,3.788808941111396,0.0,30,30
264,GA_best_gen,3.885258372851636,3.802375138899236,0.0,30,30
264,GA_best_global,3.8649090761698757,3.788808941111396,0.0,30,30
265,GA_best_gen,3.885258372851636,3.802375138899236,0.0,30,30
265,GA_best_global,3.8649090761698757,3.788808941111396,0.0,30,30
266,GA_best_gen,3.903695951603035,3.818580901613261,0.0,30,30
266,GA_best_global,3.8649090761698757,3.788808941111396,0.0,30,30
267,GA_best_gen,3.885258372851636,3.802375138899236,0.0,30,30
267,GA_best_global,3.8649090761698757,3.788808941111396,0.0,30,30
268,GA_best_gen,3.910829748099901,3.823336765944505,0.0,30,30
268,GA_best_global,3.8649090761698757,3.788808941111396,0.0,30,30
269,GA_best_gen,3.903695951603035,3.818580901613261,0.0,30,30
269,GA_best_global,3.8649090761698757,3.788808941111396,0.0,30,30
270,GA_best_gen,3.9227542234431714,3.8352612412877756,0.0,30,30
270,GA_best_global,3.8649090761698757,3.788808941111396,0.0,30,30
271,GA_best_gen,3.87812457635477,3.797619274567992,0.0,30,30
271,GA_best_global,3.8649090761698757,3.788808941111396,0.0,30,30
272,GA_best_gen,3.9226178228889226,3.847778148690351,0.0,30,30
272,GA_best_global,3.8649090761698757,3.788808941111396,0.0,30,30
273,GA_best_gen,3.9163609069342296,3.8231101616209653,0.0,30,30
273,GA_best_global,3.8649090761698757,3.788808941111396,0.0,30,30
274,GA_best_gen,3.9163609069342296,3.8231101616209653,0.0,30,30
274,GA_best_global,3.8649090761698757,3.788808941111396,0.0,30,30
275,GA_best_gen,3.940189550190878,3.84290996733849,0.0,30,30
275,GA_best_global,3.8649090761698757,3.788808941111396,0.0,30,30
276,GA_best_gen,3.947323346687743,3.8476658316697327,0.0,30,30
276,GA_best_global,3.8649090761698757,3.788808941111396,0.0,30,30
277,GA_best_gen,3.8971828481949076,3.8142996142425076,0.0,30,30
277,GA_best_global,3.8649090761698757,3.788808941111396,0.0,30,30
278,GA_best_gen,3.910829748099901,3.823336765944505,0.0,30,30
278,GA_best_global,3.8649090761698757,3.788808941111396,0.0,30,30
279,GA_best_gen,3.9163609069342296,3.8231101616209653,0.0,30,30
279,GA_best_global,3.8649090761698757,3.788808941111396,0.0,30,30
280,GA_best_gen,3.8606892496070646,3.789970548517279,0.0,30,30
280,GA_best_global,3.8606892496070646,3.789970548517279,0.0,30,30
281,GA_best_gen,3.9347984856856284,3.83931592433499,0.0,30,30
281,GA_best_global,3.8606892496070646,3.789970548517279,0.0,30,30
282,GA_best_gen,3.940189550190878,3.84290996733849,0.0,30,30
282,GA_best_global,3.8606892496070646,3.789970548517279,0.0,30,30
283,GA_best_gen,3.8813316869720276,3.803671391859256,0.0,30,30
283,GA_best_global,3.8606892496070646,3.789970548517279,0.0,30,30
284,GA_best_gen,3.93326420921149,3.8421395875737816,0.0,30,30
284,GA_best_global,3.8606892496070646,3.789970548517279,0.0,30,30
285,GA_best_gen,3.841630977766928,3.7732902088427642,0.0,30,30
285,GA_best_global,3.841630977766928,3.7732902088427642,0.0,30,30
286,GA_best_gen,3.910829748099901,3.823336765944505,0.0,30,30
286,GA_best_global,3.841630977766928,3.7732902088427642,0.0,30,30
287,GA_best_gen,3.938655273716739,3.845733630577281,0.0,30,30
287,GA_best_global,3.841630977766928,3.7732902088427642,0.0,30,30
288,GA_best_gen,3.885258372851636,3.802375138899236,0.0,30,30
288,GA_best_global,3.841630977766928,3.7732902088427642,0.0,30,30
289,GA_best_gen,3.947323346687743,3.8476658316697327,0.0,30,30
289,GA_best_global,3.841630977766928,3.7732902088427642,0.0,30,30
290,GA_best_gen,3.87812457635477,3.797619274567992,0.0,30,30
290,GA_best_global,3.841630977766928,3.7732902088427642,0.0,30,30
291,GA_best_gen,3.855760311723763,3.7827097648139874,0.0,30,30
291,GA_best_global,3.841630977766928,3.7732902088427642,0.0,30,30
292,GA_best_gen,3.9163609069342296,3.8231101616209653,0.0,30,30
292,GA_best_global,3.841630977766928,3.7732902088427642,0.0,30,30
293,GA_best_gen,3.9021616751288963,3.8214045648520525,0.0,30,30
293,GA_best_global,3.841630977766928,3.7732902088427642,0.0,30,30
294,GA_best_gen,3.885258372851636,3.802375138899236,0.0,30,30
294,GA_best_global,3.841630977766928,3.7732902088427642,0.0,30,30
295,GA_best_gen,3.885258372851636,3.802375138899236,0.0,30,30
295,GA_best_global,3.841630977766928,3.7732902088427642,0.0,30,30
296,GA_best_gen,3.9163609069342296,3.8231101616209653,0.0,30,30
296,GA_best_global,3.841630977766928,3.7732902088427642,0.0,30,30
297,GA_best_gen,3.910829748099901,3.823336765944505,0.0,30,30
297,GA_best_global,3.841630977766928,3.7732902088427642,0.0,30,30
298,GA_best_gen,3.885258372851636,3.802375138899236,0.0,30,30
298,GA_best_global,3.841630977766928,3.7732902088427642,0.0,30,30
299,GA_best_gen,3.87812457635477,3.797619274567992,0.0,30,30
299,GA_best_global,3.841630977766928,3.7732902088427642,0.0,30,30
300,GA_best_gen,3.885258372851636,3.802375138899236,0.0,30,30
300,GA_best_global,3.841630977766928,3.7732902088427642,0.0,30,30
301,GA_best_gen,3.8798673083463866,3.798781095895736,0.0,30,30
301,GA_best_global,3.841630977766928,3.7732902088427642,0.0,30,30
302,GA_best_gen,3.8971828481949076,3.8142996142425076,0.0,30,30
302,GA_best_global,3.841630977766928,3.7732902088427642,0.0,30,30
303,GA_best_gen,3.940189550190878,3.84290996733849,0.0,30,30
303,GA_best_global,3.841630977766928,3.7732902088427642,0.0,30,30
304,GA_best_gen,3.9163609069342296,3.8231101616209653,0.0,30,30
304,GA_best_global,3.841630977766928,3.7732902088427642,0.0,30,30
305,GA_best_gen,3.885258372851636,3.802375138899236,0.0,30,30
305,GA_best_global,3.841630977766928,3.7732902088427642,0.0,30,30
306,GA_best_gen,3.9580164381337575,3.8593641076966914,0.0,30,30
306,GA_best_global,3.841630977766928,3.7732902088427642,0.0,30,30
307,GA_best_gen,3.885258372851636,3.802375138899236,0.0,30,30
307,GA_best_global,3.841630977766928,3.7732902088427642,0.0,30,30
308,GA_best_gen,3.940189550190878,3.84290996733849,0.0,30,30
308,GA_best_global,3.841630977766928,3.7732902088427642,0.0,30,30
309,GA_best_gen,3.947323346687743,3.8476658316697327,0.0,30,30
309,GA_best_global,3.841630977766928,3.7732902088427642,0.0,30,30
310,GA_best_gen,3.9163609069342296,3.8231101616209653,0.0,30,30
310,GA_best_global,3.841630977766928,3.7732902088427642,0.0,30,30
311,GA_best_gen,3.8813316869720276,3.803671391859256,0.0,30,30
311,GA_best_global,3.841630977766928,3.7732902088427642,0.0,30,30
312,GA_best_gen,3.885258372851636,3.802375138899236,0.0,30,30
312,GA_best_global,3.841630977766928,3.7732902088427642,0.0,30,30
313,GA_best_gen,3.910829748099901,3.823336765944505,0.0,30,30
313,GA_best_global,3.841630977766928,3.7732902088427642,0.0,30,30
314,GA_best_gen,3.885258372851636,3.802375138899236,0.0,30,30
314,GA_best_global,3.841630977766928,3.7732902088427642,0.0,30,30
315,GA_best_gen,3.93326420921149,3.8421395875737816,0.0,30,30
315,GA_best_global,3.841630977766928,3.7732902088427642,0.0,30,30
316,GA_best_gen,3.9419322821824947,3.844071788666234,0.0,30,30
316,GA_best_global,3.841630977766928,3.7732902088427642,0.0,30,30
317,GA_best_gen,3.938655273716739,3.845733630577281,0.0,30,30
317,GA_best_global,3.841630977766928,3.7732902088427642,0.0,30,30
318,GA_best_gen,3.885258372851636,3.802375138899236,0.0,30,30
318,GA_best_global,3.841630977766928,3.7732902088427642,0.0,30,30
319,GA_best_gen,3.8798673083463866,3.798781095895736,0.0,30,30
319,GA_best_global,3.841630977766928,3.7732902088427642,0.0,30,30
320,GA_best_gen,3.910829748099901,3.823336765944505,0.0,30,30
320,GA_best_global,3.841630977766928,3.7732902088427642,0.0,30,30
321,GA_best_gen,3.8798673083463866,3.798781095895736,0.0,30,30
321,GA_best_global,3.841630977766928,3.7732902088427642,0.0,30,30
322,GA_best_gen,3.9092271104373637,3.818354297289721,0.0,30,30
322,GA_best_global,3.841630977766928,3.7732902088427642,0.0,30,30
323,GA_best_gen,3.910829748099901,3.823336765944505,0.0,30,30
323,GA_best_global,3.841630977766928,3.7732902088427642,0.0,30,30
324,GA_best_gen,3.938655273716739,3.845733630577281,0.0,30,30
324,GA_best_global,3.841630977766928,3.7732902088427642,0.0,30,30
325,GA_best_gen,3.9163609069342296,3.8231101616209653,0.0,30,30
325,GA_best_global,3.841630977766928,3.7732902088427642,0.0,30,30
326,GA_best_gen,3.885258372851636,3.802375138899236,0.0,30,30
326,GA_best_global,3.841630977766928,3.7732902088427642,0.0,30,30
327,GA_best_gen,3.9092271104373637,3.818354297289721,0.0,30,30
327,GA_best_global,3.841630977766928,3.7732902088427642,0.0,30,30
328,GA_best_gen,3.9163609069342296,3.8231101616209653,0.0,30,30
328,GA_best_global,3.841630977766928,3.7732902088427642,0.0,30,30
329,GA_best_gen,3.910829748099901,3.823336765944505,0.0,30,30
329,GA_best_global,3.841630977766928,3.7732902088427642,0.0,30,30
330,GA_best_gen,3.938655273716739,3.845733630577281,0.0,30,30
330,GA_best_global,3.841630977766928,3.7732902088427642,0.0,30,30
331,GA_best_gen,3.8813316869720276,3.803671391859256,0.0,30,30
331,GA_best_global,3.841630977766928,3.7732902088427642,0.0,30,30
332,GA_best_gen,3.885258372851636,3.802375138899236,0.0,30,30
332,GA_best_global,3.841630977766928,3.7732902088427642,0.0,30,30
333,GA_best_gen,3.910829748099901,3.823336765944505,0.0,30,30
333,GA_best_global,3.841630977766928,3.7732902088427642,0.0,30,30
334,GA_best_gen,3.940189550190878,3.84290996733849,0.0,30,30
334,GA_best_global,3.841630977766928,3.7732902088427642,0.0,30,30
335,GA_best_gen,3.885258372851636,3.802375138899236,0.0,30,30
335,GA_best_global,3.841630977766928,3.7732902088427642,0.0,30,30
336,GA_best_gen,3.940189550190878,3.84290996733849,0.0,30,30
336,GA_best_global,3.841630977766928,3.7732902088427642,0.0,30,30
337,GA_best_gen,3.885258372851636,3.802375138899236,0.0,30,30
337,GA_best_global,3.841630977766928,3.7732902088427642,0.0,30,30
338,GA_best_gen,3.903695951603035,3.818580901613261,0.0,30,30
338,GA_best_global,3.841630977766928,3.7732902088427642,0.0,30,30
339,GA_best_gen,3.888877813755603,3.8047880995018803,0.0,30,30
339,GA_best_global,3.841630977766928,3.7732902088427642,0.0,30,30
340,GA_best_gen,3.910829748099901,3.823336765944505,0.0,30,30
340,GA_best_global,3.841630977766928,3.7732902088427642,0.0,30,30
341,GA_best_gen,3.91782528555987,3.8280004575844844,0.0,30,30
341,GA_best_global,3.841630977766928,3.7732902088427642,0.0,30,30
342,GA_best_gen,3.8971828481949076,3.8142996142425076,0.0,30,30
342,GA_best_global,3.841630977766928,3.7732902088427642,0.0,30,30
343,GA_best_gen,3.873710350536248,3.794676457355644,0.0,30,30
343,GA_best_global,3.841630977766928,3.7732902088427642,0.0,30,30
344,GA_best_gen,3.895027878632031,3.816648700520809,0.0,30,30
344,GA_best_global,3.841630977766928,3.7732902088427642,0.0,30,30
345,GA_best_gen,3.903695951603035,3.818580901613261,0.0,30,30
345,GA_best_global,3.841630977766928,3.7732902088427642,0.0,30,30
346,GA_best_gen,3.9021616751288963,3.8214045648520525,0.0,30,30
346,GA_best_global,3.841630977766928,3.7732902088427642,0.0,30,30
347,GA_best_gen,3.909157212588866,3.8260682564920327,0.0,30,30
347,GA_best_global,3.841630977766928,3.7732902088427642,0.0,30,30
348,GA_best_gen,3.910829748099901,3.823336765944505,0.0,30,30
348,GA_best_global,3.841630977766928,3.7732902088427642,0.0,30,30
349,GA_best_gen,3.910829748099901,3.823336765944505,0.0,30,30
349,GA_best_global,3.841630977766928,3.7732902088427642,0.0,30,30
350,GA_best_gen,3.8798673083463866,3.798781095895736,0.0,30,30
350,GA_best_global,3.841630977766928,3.7732902088427642,0.0,30,30
351,GA_best_gen,3.885258372851636,3.802375138899236,0.0,30,30
351,GA_best_global,3.841630977766928,3.7732902088427642,0.0,30,30
352,GA_best_gen,3.885258372851636,3.802375138899236,0.0,30,30
352,GA_best_global,3.841630977766928,3.7732902088427642,0.0,30,30
353,GA_best_gen,3.8904804514181404,3.8097705681566647,0.0,30,30
353,GA_best_global,3.841630977766928,3.7732902088427642,0.0,30,30
354,GA_best_gen,3.9156204269463064,3.8305053769565323,0.0,30,30
354,GA_best_global,3.841630977766928,3.7732902088427642,0.0,30,30
355,GA_best_gen,3.8487647742637936,3.7780460731740075,0.0,30,30
355,GA_best_global,3.841630977766928,3.7732902088427642,0.0,30,30
356,GA_best_gen,3.910829748099901,3.823336765944505,0.0,30,30
356,GA_best_global,3.841630977766928,3.7732902088427642,0.0,30,30
357,GA_best_gen,3.87812457635477,3.797619274567992,0.0,30,30
357,GA_best_global,3.841630977766928,3.7732902088427642,0.0,30,30
358,GA_best_gen,3.8606892496070646,3.789970548517279,0.0,30,30
358,GA_best_global,3.841630977766928,3.7732902088427642,0.0,30,30
359,GA_best_gen,3.8960116102524687,3.8095439638331245,0.0,30,30
359,GA_best_global,3.841630977766928,3.7732902088427642,0.0,30,30
360,GA_best_gen,3.885258372851636,3.802375138899236,0.0,30,30
360,GA_best_global,3.841630977766928,3.7732902088427642,0.0,30,30
361,GA_best_gen,3.885258372851636,3.802375138899236,0.0,30,30
361,GA_best_global,3.841630977766928,3.7732902088427642,0.0,30,30
362,GA_best_gen,3.93326420921149,3.8421395875737816,0.0,30,30
362,GA_best_global,3.841630977766928,3.7732902088427642,0.0,30,30
363,GA_best_gen,3.8714424870078976,3.7971393734511674,0.0,30,30
363,GA_best_global,3.841630977766928,3.7732902088427642,0.0,30,30
364,GA_best_gen,3.872733511849521,3.794025231564493,0.0,30,30
364,GA_best_global,3.841630977766928,3.7732902088427642,0.0,30,30
365,GA_best_gen,3.903695951603035,3.818580901613261,0.0,30,30
365,GA_best_global,3.841630977766928,3.7732902088427642,0.0,30,30
366,GA_best_gen,3.93326420921149,3.8421395875737816,0.0,30,30
366,GA_best_global,3.841630977766928,3.7732902088427642,0.0,30,30
367,GA_best_gen,3.87812457635477,3.797619274567992,0.0,30,30
367,GA_best_global,3.841630977766928,3.7732902088427642,0.0,30,30
368,GA_best_gen,3.895027878632031,3.816648700520809,0.0,30,30
368,GA_best_global,3.841630977766928,3.7732902088427642,0.0,30,30
369,GA_best_gen,3.9106914890630047,3.823244593253241,0.0,30,30
369,GA_best_global,3.841630977766928,3.7732902088427642,0.0,30,30
370,GA_best_gen,3.885258372851636,3.802375138899236,0.0,30,30
370,GA_best_global,3.841630977766928,3.7732902088427642,0.0,30,30
371,GA_best_gen,3.9642266489650044,3.8666952576225504,0.0,30,30
371,GA_best_global,3.841630977766928,3.7732902088427642,0.0,30,30
372,GA_best_gen,3.926130412714625,3.8373837232425383,0.0,30,30
372,GA_best_global,3.841630977766928,3.7732902088427642,0.0,30,30
373,GA_best_gen,3.9092271104373637,3.818354297289721,0.0,30,30
373,GA_best_global,3.841630977766928,3.7732902088427642,0.0,30,30
374,GA_best_gen,3.9021616751288963,3.8214045648520525,0.0,30,30
374,GA_best_global,3.841630977766928,3.7732902088427642,0.0,30,30
375,GA_best_gen,3.8904804514181404,3.8097705681566647,0.0,30,30
375,GA_best_global,3.841630977766928,3.7732902088427642,0.0,30,30
376,GA_best_gen,3.8487647742637936,3.7780460731740075,0.0,30,30
376,GA_best_global,3.841630977766928,3.7732902088427642,0.0,30,30
377,GA_best_gen,3.885258372851636,3.802375138899236,0.0,30,30
377,GA_best_global,3.841630977766928,3.7732902088427642,0.0,30,30
378,GA_best_gen,3.8904804514181404,3.8097705681566647,0.0,30,30
378,GA_best_global,3.841630977766928,3.7732902088427642,0.0,30,30
379,GA_best_gen,3.841630977766928,3.7732902088427642,0.0,30,30
379,GA_best_global,3.841630977766928,3.7732902088427642,0.0,30,30
380,GA_best_gen,3.855760311723763,3.7827097648139874,0.0,30,30
380,GA_best_global,3.841630977766928,3.7732902088427642,0.0,30,30
381,GA_best_gen,3.8798673083463866,3.798781095895736,0.0,30,30
381,GA_best_global,3.841630977766928,3.7732902088427642,0.0,30,30
382,GA_best_gen,3.9021616751288963,3.8214045648520525,0.0,30,30
382,GA_best_global,3.841630977766928,3.7732902088427642,0.0,30,30
383,GA_best_gen,3.87812457635477,3.797619274567992,0.0,30,30
383,GA_best_global,3.841630977766928,3.7732902088427642,0.0,30,30
384,GA_best_gen,3.8487647742637936,3.7780460731740075,0.0,30,30
384,GA_best_global,3.841630977766928,3.7732902088427642,0.0,30,30
385,GA_best_gen,3.885258372851636,3.802375138899236,0.0,30,30
385,GA_best_global,3.841630977766928,3.7732902088427642,0.0,30,30
386,GA_best_gen,3.8606892496070646,3.789970548517279,0.0,30,30
386,GA_best_global,3.841630977766928,3.7732902088427642,0.0,30,30
387,GA_best_gen,3.903695951603035,3.818580901613261,0.0,30,30
387,GA_best_global,3.841630977766928,3.7732902088427642,0.0,30,30
388,GA_best_gen,3.910829748099901,3.823336765944505,0.0,30,30
388,GA_best_global,3.841630977766928,3.7732902088427642,0.0,30,30
389,GA_best_gen,3.885258372851636,3.802375138899236,0.0,30,30
389,GA_best_global,3.841630977766928,3.7732902088427642,0.0,30,30
390,GA_best_gen,3.9021616751288963,3.8214045648520525,0.0,30,30
390,GA_best_global,3.841630977766928,3.7732902088427642,0.0,30,30
391,GA_best_gen,3.87812457635477,3.797619274567992,0.0,30,30
391,GA_best_global,3.841630977766928,3.7732902088427642,0.0,30,30
392,GA_best_gen,3.9163609069342296,3.8231101616209653,0.0,30,30
392,GA_best_global,3.841630977766928,3.7732902088427642,0.0,30,30
393,GA_best_gen,3.8798673083463866,3.798781095895736,0.0,30,30
393,GA_best_global,3.841630977766928,3.7732902088427642,0.0,30,30
394,GA_best_gen,3.885258372851636,3.802375138899236,0.0,30,30
394,GA_best_global,3.841630977766928,3.7732902088427642,0.0,30,30
395,GA_best_gen,3.910829748099901,3.823336765944505,0.0,30,30
395,GA_best_global,3.841630977766928,3.7732902088427642,0.0,30,30
396,GA_best_gen,3.903695951603035,3.818580901613261,0.0,30,30
396,GA_best_global,3.841630977766928,3.7732902088427642,0.0,30,30
397,GA_best_gen,3.910829748099901,3.823336765944505,0.0,30,30
397,GA_best_global,3.841630977766928,3.7732902088427642,0.0,30,30
398,GA_best_gen,3.895027878632031,3.816648700520809,0.0,30,30
398,GA_best_global,3.841630977766928,3.7732902088427642,0.0,30,30
399,GA_best_gen,3.885258372851636,3.802375138899236,0.0,30,30
399,GA_best_global,3.841630977766928,3.7732902088427642,0.0,30,30
400,GA_best_gen,3.9347984856856284,3.83931592433499,0.0,30,30
400,GA_best_global,3.841630977766928,3.7732902088427642,0.0,30,30
401,GA_best_gen,3.910829748099901,3.823336765944505,0.0,30,30
401,GA_best_global,3.841630977766928,3.7732902088427642,0.0,30,30
402,GA_best_gen,3.9106914890630047,3.823244593253241,0.0,30,30
402,GA_best_global,3.841630977766928,3.7732902088427642,0.0,30,30
403,GA_best_gen,3.885258372851636,3.802375138899236,0.0,30,30
403,GA_best_global,3.841630977766928,3.7732902088427642,0.0,30,30
404,GA_best_gen,3.8798673083463866,3.798781095895736,0.0,30,30
404,GA_best_global,3.841630977766928,3.7732902088427642,0.0,30,30
405,GA_best_gen,3.9434459525631445,3.8529022415893084,0.0,30,30
405,GA_best_global,3.841630977766928,3.7732902088427642,0.0,30,30
406,GA_best_gen,3.8798673083463866,3.798781095895736,0.0,30,30
406,GA_best_global,3.841630977766928,3.7732902088427642,0.0,30,30
407,GA_best_gen,3.885258372851636,3.802375138899236,0.0,30,30
407,GA_best_global,3.841630977766928,3.7732902088427642,0.0,30,30
408,GA_best_gen,3.938655273716739,3.845733630577281,0.0,30,30
408,GA_best_global,3.841630977766928,3.7732902088427642,0.0,30,30
409,GA_best_gen,3.8798673083463866,3.798781095895736,0.0,30,30
409,GA_best_global,3.841630977766928,3.7732902088427642,0.0,30,30
410,GA_best_gen,3.8649090761698757,3.788808941111396,0.0,30,30
410,GA_best_global,3.841630977766928,3.7732902088427642,0.0,30,30
411,GA_best_gen,3.940189550190878,3.84290996733849,0.0,30,30
411,GA_best_global,3.841630977766928,3.7732902088427642,0.0,30,30
412,GA_best_gen,3.910829748099901,3.823336765944505,0.0,30,30
412,GA_best_global,3.841630977766928,3.7732902088427642,0.0,30,30
413,GA_best_gen,3.910829748099901,3.823336765944505,0.0,30,30
413,GA_best_global,3.841630977766928,3.7732902088427642,0.0,30,30
414,GA_best_gen,3.885258372851636,3.802375138899236,0.0,30,30
414,GA_best_global,3.841630977766928,3.7732902088427642,0.0,30,30
415,GA_best_gen,3.933787675818902,3.853021043560682,0.0,30,30
415,GA_best_global,3.841630977766928,3.7732902088427642,0.0,30,30
416,GA_best_gen,3.87812457635477,3.797619274567992,0.0,30,30
416,GA_best_global,3.841630977766928,3.7732902088427642,0.0,30,30
417,GA_best_gen,3.9021616751288963,3.8214045648520525,0.0,30,30
417,GA_best_global,3.841630977766928,3.7732902088427642,0.0,30,30
418,GA_best_gen,3.910829748099901,3.823336765944505,0.0,30,30
418,GA_best_global,3.841630977766928,3.7732902088427642,0.0,30,30
419,GA_best_gen,3.910829748099901,3.823336765944505,0.0,30,30
419,GA_best_global,3.841630977766928,3.7732902088427642,0.0,30,30
420,GA_best_gen,3.885258372851636,3.802375138899236,0.0,30,30
420,GA_best_global,3.841630977766928,3.7732902088427642,0.0,30,30
421,GA_best_gen,3.8487647742637936,3.7780460731740075,0.0,30,30
421,GA_best_global,3.841630977766928,3.7732902088427642,0.0,30,30
422,GA_best_gen,3.898787321149628,3.815369262878988,0.0,30,30
422,GA_best_global,3.841630977766928,3.7732902088427642,0.0,30,30
423,GA_best_gen,3.8487647742637936,3.7780460731740075,0.0,30,30
423,GA_best_global,3.841630977766928,3.7732902088427642,0.0,30,30
424,GA_best_gen,3.841630977766928,3.7732902088427642,0.0,30,30
424,GA_best_global,3.841630977766928,3.7732902088427642,0.0,30,30
425,GA_best_gen,3.910829748099901,3.823336765944505,0.0,30,30
425,GA_best_global,3.841630977766928,3.7732902088427642,0.0,30,30
426,GA_best_gen,3.885258372851636,3.802375138899236,0.0,30,30
426,GA_best_global,3.841630977766928,3.7732902088427642,0.0,30,30
427,GA_best_gen,3.903695951603035,3.818580901613261,0.0,30,30
427,GA_best_global,3.841630977766928,3.7732902088427642,0.0,30,30
428,GA_best_gen,3.8487647742637936,3.7780460731740075,0.0,30,30
428,GA_best_global,3.841630977766928,3.7732902088427642,0.0,30,30
429,GA_best_gen,3.885258372851636,3.802375138899236,0.0,30,30
429,GA_best_global,3.841630977766928,3.7732902088427642,0.0,30,30
430,GA_best_gen,3.885258372851636,3.802375138899236,0.0,30,30
430,GA_best_global,3.841630977766928,3.7732902088427642,0.0,30,30
431,GA_best_gen,3.910829748099901,3.823336765944505,0.0,30,30
431,GA_best_global,3.841630977766928,3.7732902088427642,0.0,30,30
432,GA_best_gen,3.8798673083463866,3.798781095895736,0.0,30,30
432,GA_best_global,3.841630977766928,3.7732902088427642,0.0,30,30
433,GA_best_gen,3.87812457635477,3.797619274567992,0.0,30,30
433,GA_best_global,3.841630977766928,3.7732902088427642,0.0,30,30
434,GA_best_gen,3.87812457635477,3.797619274567992,0.0,30,30
434,GA_best_global,3.841630977766928,3.7732902088427642,0.0,30,30
435,GA_best_gen,3.885258372851636,3.802375138899236,0.0,30,30
435,GA_best_global,3.841630977766928,3.7732902088427642,0.0,30,30
436,GA_best_gen,3.87812457635477,3.797619274567992,0.0,30,30
436,GA_best_global,3.841630977766928,3.7732902088427642,0.0,30,30
437,GA_best_gen,3.87812457635477,3.797619274567992,0.0,30,30
437,GA_best_global,3.841630977766928,3.7732902088427642,0.0,30,30
438,GA_best_gen,3.9227542234431714,3.8352612412877756,0.0,30,30
438,GA_best_global,3.841630977766928,3.7732902088427642,0.0,30,30
439,GA_best_gen,3.885258372851636,3.802375138899236,0.0,30,30
439,GA_best_global,3.841630977766928,3.7732902088427642,0.0,30,30
440,GA_best_gen,3.8813316869720276,3.803671391859256,0.0,30,30
440,GA_best_global,3.841630977766928,3.7732902088427642,0.0,30,30
441,GA_best_gen,3.9021616751288963,3.8214045648520525,0.0,30,30
441,GA_best_global,3.841630977766928,3.7732902088427642,0.0,30,30
442,GA_best_gen,3.9021616751288963,3.8214045648520525,0.0,30,30
442,GA_best_global,3.841630977766928,3.7732902088427642,0.0,30,30
443,GA_best_gen,3.885258372851636,3.802375138899236,0.0,30,30
443,GA_best_global,3.841630977766928,3.7732902088427642,0.0,30,30
444,GA_best_gen,3.910829748099901,3.823336765944505,0.0,30,30
444,GA_best_global,3.841630977766928,3.7732902088427642,0.0,30,30
445,GA_best_gen,3.8798673083463866,3.798781095895736,0.0,30,30
445,GA_best_global,3.841630977766928,3.7732902088427642,0.0,30,30
446,GA_best_gen,3.885258372851636,3.802375138899236,0.0,30,30
446,GA_best_global,3.841630977766928,3.7732902088427642,0.0,30,30
447,GA_best_gen,3.8833466549212745,3.8050147038254205,0.0,30,30
447,GA_best_global,3.841630977766928,3.7732902088427642,0.0,30,30
448,GA_best_gen,3.885258372851636,3.802375138899236,0.0,30,30
448,GA_best_global,3.841630977766928,3.7732902088427642,0.0,30,30
449,GA_best_gen,3.9227542234431714,3.8352612412877756,0.0,30,30
449,GA_best_global,3.841630977766928,3.7732902088427642,0.0,30,30
450,GA_best_gen,3.885258372851636,3.802375138899236,0.0,30,30
450,GA_best_global,3.841630977766928,3.7732902088427642,0.0,30,30
451,GA_best_gen,3.910829748099901,3.823336765944505,0.0,30,30
451,GA_best_global,3.841630977766928,3.7732902088427642,0.0,30,30
452,GA_best_gen,3.9419322821824947,3.844071788666234,0.0,30,30
452,GA_best_global,3.841630977766928,3.7732902088427642,0.0,30,30
453,GA_best_gen,3.910829748099901,3.823336765944505,0.0,30,30
453,GA_best_global,3.841630977766928,3.7732902088427642,0.0,30,30
454,GA_best_gen,3.87812457635477,3.797619274567992,0.0,30,30
454,GA_best_global,3.841630977766928,3.7732902088427642,0.0,30,30
455,GA_best_gen,3.9124342210546215,3.8244064145809853,0.0,30,30
455,GA_best_global,3.841630977766928,3.7732902088427642,0.0,30,30
456,GA_best_gen,3.8798673083463866,3.798781095895736,0.0,30,30
456,GA_best_global,3.841630977766928,3.7732902088427642,0.0,30,30
457,GA_best_gen,3.910829748099901,3.823336765944505,0.0,30,30
457,GA_best_global,3.841630977766928,3.7732902088427642,0.0,30,30
458,GA_best_gen,3.855760311723763,3.7827097648139874,0.0,30,30
458,GA_best_global,3.841630977766928,3.7732902088427642,0.0,30,30
459,GA_best_gen,3.910829748099901,3.823336765944505,0.0,30,30
459,GA_best_global,3.841630977766928,3.7732902088427642,0.0,30,30
460,GA_best_gen,3.8798673083463866,3.798781095895736,0.0,30,30
460,GA_best_global,3.841630977766928,3.7732902088427642,0.0,30,30
461,GA_best_gen,3.9021616751288963,3.8214045648520525,0.0,30,30
461,GA_best_global,3.841630977766928,3.7732902088427642,0.0,30,30
462,GA_best_gen,3.87812457635477,3.797619274567992,0.0,30,30
462,GA_best_global,3.841630977766928,3.7732902088427642,0.0,30,30
463,GA_best_gen,3.910829748099901,3.823336765944505,0.0,30,30
463,GA_best_global,3.841630977766928,3.7732902088427642,0.0,30,30
464,GA_best_gen,3.87812457635477,3.797619274567992,0.0,30,30
464,GA_best_global,3.841630977766928,3.7732902088427642,0.0,30,30
465,GA_best_gen,3.885258372851636,3.802375138899236,0.0,30,30
465,GA_best_global,3.841630977766928,3.7732902088427642,0.0,30,30
466,GA_best_gen,3.9451886845547612,3.854064062917053,0.0,30,30
466,GA_best_global,3.841630977766928,3.7732902088427642,0.0,30,30
467,GA_best_gen,3.8503692472185134,3.7791157218104874,0.0,30,30
467,GA_best_global,3.841630977766928,3.7732902088427642,0.0,30,30
468,GA_best_gen,3.8487647742637936,3.7780460731740075,0.0,30,30
468,GA_best_global,3.841630977766928,3.7732902088427642,0.0,30,30
469,GA_best_gen,3.9021616751288963,3.8214045648520525,0.0,30,30
469,GA_best_global,3.841630977766928,3.7732902088427642,0.0,30,30
470,GA_best_gen,3.8487647742637936,3.7780460731740075,0.0,30,30
470,GA_best_global,3.841630977766928,3.7732902088427642,0.0,30,30
471,GA_best_gen,3.940189550190878,3.84290996733849,0.0,30,30
471,GA_best_global,3.841630977766928,3.7732902088427642,0.0,30,30
472,GA_best_gen,3.8487647742637936,3.7780460731740075,0.0,30,30
472,GA_best_global,3.841630977766928,3.7732902088427642,0.0,30,30
473,GA_best_gen,3.885258372851636,3.802375138899236,0.0,30,30
473,GA_best_global,3.841630977766928,3.7732902088427642,0.0,30,30
474,GA_best_gen,3.8487647742637936,3.7780460731740075,0.0,30,30
474,GA_best_global,3.841630977766928,3.7732902088427642,0.0,30,30
475,GA_best_gen,3.9466530631804018,3.858954358880572,0.0,30,30
475,GA_best_global,3.841630977766928,3.7732902088427642,0.0,30,30
476,GA_best_gen,3.9419322821824947,3.844071788666234,0.0,30,30
476,GA_best_global,3.841630977766928,3.7732902088427642,0.0,30,30
477,GA_best_gen,3.8487647742637936,3.7780460731740075,0.0,30,30
477,GA_best_global,3.841630977766928,3.7732902088427642,0.0,30,30
478,GA_best_gen,3.8487647742637936,3.7780460731740075,0.0,30,30
478,GA_best_global,3.841630977766928,3.7732902088427642,0.0,30,30
479,GA_best_gen,3.903695951603035,3.818580901613261,0.0,30,30
479,GA_best_global,3.841630977766928,3.7732902088427642,0.0,30,30
480,GA_best_gen,3.910829748099901,3.823336765944505,0.0,30,30
480,GA_best_global,3.841630977766928,3.7732902088427642,0.0,30,30
481,GA_best_gen,3.910829748099901,3.823336765944505,0.0,30,30
481,GA_best_global,3.841630977766928,3.7732902088427642,0.0,30,30
482,GA_best_gen,3.9021616751288963,3.8214045648520525,0.0,30,30
482,GA_best_global,3.841630977766928,3.7732902088427642,0.0,30,30
483,GA_best_gen,3.910829748099901,3.823336765944505,0.0,30,30
483,GA_best_global,3.841630977766928,3.7732902088427642,0.0,30,30
484,GA_best_gen,3.910829748099901,3.823336765944505,0.0,30,30
484,GA_best_global,3.841630977766928,3.7732902088427642,0.0,30,30
485,GA_best_gen,3.885258372851636,3.802375138899236,0.0,30,30
485,GA_best_global,3.841630977766928,3.7732902088427642,0.0,30,30
486,GA_best_gen,3.855760311723763,3.7827097648139874,0.0,30,30
486,GA_best_global,3.841630977766928,3.7732902088427642,0.0,30,30
487,GA_best_gen,3.910829748099901,3.823336765944505,0.0,30,30
487,GA_best_global,3.841630977766928,3.7732902088427642,0.0,30,30
488,GA_best_gen,3.9163609069342296,3.8231101616209653,0.0,30,30
488,GA_best_global,3.841630977766928,3.7732902088427642,0.0,30,30
489,GA_best_gen,3.9106914890630047,3.823244593253241,0.0,30,30
489,GA_best_global,3.841630977766928,3.7732902088427642,0.0,30,30
490,GA_best_gen,3.891791783689658,3.8107055712390077,0.0,30,30
490,GA_best_global,3.841630977766928,3.7732902088427642,0.0,30,30
491,GA_best_gen,3.895027878632031,3.816648700520809,0.0,30,30
491,GA_best_global,3.841630977766928,3.7732902088427642,0.0,30,30
492,GA_best_gen,3.885258372851636,3.802375138899236,0.0,30,30
492,GA_best_global,3.841630977766928,3.7732902088427642,0.0,30,30
493,GA_best_gen,3.9124342210546215,3.8244064145809853,0.0,30,30
493,GA_best_global,3.841630977766928,3.7732902088427642,0.0,30,30
494,GA_best_gen,3.8487647742637936,3.7780460731740075,0.0,30,30
494,GA_best_global,3.841630977766928,3.7732902088427642,0.0,30,30
495,GA_best_gen,3.903695951603035,3.818580901613261,0.0,30,30
495,GA_best_global,3.841630977766928,3.7732902088427642,0.0,30,30
496,GA_best_gen,3.9021616751288963,3.8214045648520525,0.0,30,30
496,GA_best_global,3.841630977766928,3.7732902088427642,0.0,30,30
497,GA_best_gen,3.885258372851636,3.802375138899236,0.0,30,30
497,GA_best_global,3.841630977766928,3.7732902088427642,0.0,30,30
498,GA_best_gen,3.885258372851636,3.802375138899236,0.0,30,30
498,GA_best_global,3.841630977766928,3.7732902088427642,0.0,30,30
499,GA_best_gen,3.8798673083463866,3.798781095895736,0.0,30,30
499,GA_best_global,3.841630977766928,3.7732902088427642,0.0,30,30
